method,factor_type,factor_name,train_q_value,holding_period,rank_ic,icir,raw_ir,net_ir,daily_turnover,portfolio_turnover,annual_return,tracking_error,info_retention,ic_half_life
baseline,动量因子,volatility_normalized_volume_momentum,5.109999999999999,1D,0.0005,0.0031,0.5435,0.0509,0.1027,0.176,0.0734,0.1351,100.0,40.0
baseline,动量因子,volatility_normalized_volume_momentum,5.109999999999999,5D,0.0143,0.087,0.3417,0.2392,0.1027,0.176,0.0444,0.1298,2639.91,40.0
baseline,动量因子,volatility_normalized_volume_momentum,5.109999999999999,10D,0.0064,0.0424,-0.1357,-0.1899,0.1027,0.176,-0.0167,0.1227,1179.75,40.0
baseline,动量因子,volatility_normalized_volume_momentum,5.109999999999999,20D,-0.0312,-0.2173,-0.6757,-0.7044,0.1027,0.176,-0.0784,0.1161,-5761.63,40.0
baseline,动量因子,volatility_normalized_volume_momentum_enhanced,5.109999999999999,1D,-0.0037,-0.0213,0.5034,0.0627,0.083,0.1537,0.0663,0.1318,100.0,40.0
baseline,动量因子,volatility_normalized_volume_momentum_enhanced,5.109999999999999,5D,0.012,0.0758,0.2728,0.1798,0.083,0.1537,0.0341,0.1249,-324.91,40.0
baseline,动量因子,volatility_normalized_volume_momentum_enhanced,5.109999999999999,10D,0.0071,0.048,-0.0932,-0.1429,0.083,0.1537,-0.0109,0.1168,-190.12,40.0
baseline,动量因子,volatility_normalized_volume_momentum_enhanced,5.109999999999999,20D,-0.0292,-0.2034,-0.613,-0.638,0.083,0.1537,-0.0714,0.1164,787.79,40.0
baseline,动量因子,volatility_normalized_volume_momentum,5.486,1D,-0.0166,-0.0941,-0.3134,-0.7877,0.0613,0.1774,-0.0443,0.1414,100.0,40.0
baseline,动量因子,volatility_normalized_volume_momentum,5.486,5D,-0.018,-0.1096,-0.6219,-0.7195,0.0613,0.1774,-0.0855,0.1374,108.33,40.0
baseline,动量因子,volatility_normalized_volume_momentum,5.486,10D,-0.0412,-0.2897,-1.265,-1.3207,0.0613,0.1774,-0.1523,0.1204,248.0,40.0
baseline,动量因子,volatility_normalized_volume_momentum,5.486,20D,-0.098,-0.5885,-1.3115,-1.3341,0.0613,0.1774,-0.1951,0.1488,589.7,40.0
baseline,动量因子,stable_volatility_normalized_volume_momentum,5.034000000000001,1D,0.0021,0.0124,1.0909,0.7014,0.0519,0.1629,0.1724,0.158,100.0,40.0
baseline,动量因子,stable_volatility_normalized_volume_momentum,5.034000000000001,5D,0.0162,0.095,0.9563,0.8735,0.0519,0.1629,0.1421,0.1486,752.18,40.0
baseline,动量因子,stable_volatility_normalized_volume_momentum,5.034000000000001,10D,0.0174,0.1084,0.5027,0.4611,0.0519,0.1629,0.0743,0.1478,808.91,40.0
baseline,动量因子,stable_volatility_normalized_volume_momentum,5.034000000000001,20D,-0.0057,-0.0349,-0.2728,-0.2932,0.0519,0.1629,-0.0413,0.1512,-264.07,40.0
baseline,动量因子,volatility_normalized_volume_weighted_momentum,5.286,1D,-0.0166,-0.0941,-0.3134,-0.7877,0.0613,0.1774,-0.0443,0.1414,100.0,40.0
baseline,动量因子,volatility_normalized_volume_weighted_momentum,5.286,5D,-0.018,-0.1096,-0.6219,-0.7195,0.0613,0.1774,-0.0855,0.1374,108.33,40.0
baseline,动量因子,volatility_normalized_volume_weighted_momentum,5.286,10D,-0.0412,-0.2897,-1.265,-1.3207,0.0613,0.1774,-0.1523,0.1204,248.0,40.0
baseline,动量因子,volatility_normalized_volume_weighted_momentum,5.286,20D,-0.098,-0.5885,-1.3115,-1.3341,0.0613,0.1774,-0.1951,0.1488,589.7,40.0
debate,动量因子,stable_volume_confirmed_momentum,5.6579999999999995,1D,-0.0022,-0.0215,0.5651,-0.5155,0.3783,0.266,0.0526,0.0931,100.0,40.0
debate,动量因子,stable_volume_confirmed_momentum,5.6579999999999995,5D,-0.0142,-0.1347,-0.4667,-0.6981,0.3783,0.266,-0.0406,0.0869,630.41,40.0
debate,动量因子,stable_volume_confirmed_momentum,5.6579999999999995,10D,-0.0247,-0.2285,-0.8398,-0.9528,0.3783,0.266,-0.0747,0.089,1097.7,40.0
debate,动量因子,stable_volume_confirmed_momentum,5.6579999999999995,20D,-0.0445,-0.3942,-0.7615,-0.821,0.3783,0.266,-0.0644,0.0845,1981.16,40.0
debate,动量因子,stable_volume_confirmed_momentum_v2,5.6579999999999995,1D,-0.0112,-0.0908,0.1086,-0.555,0.2221,0.183,0.0113,0.1043,100.0,40.0
debate,动量因子,stable_volume_confirmed_momentum_v2,5.6579999999999995,5D,-0.0161,-0.1238,-0.3191,-0.4596,0.2221,0.183,-0.0314,0.0985,144.42,40.0
debate,动量因子,stable_volume_confirmed_momentum_v2,5.6579999999999995,10D,-0.0296,-0.2421,-0.6842,-0.7639,0.2221,0.183,-0.0594,0.0868,265.13,40.0
debate,动量因子,stable_volume_confirmed_momentum_v2,5.6579999999999995,20D,-0.0494,-0.3885,-0.6414,-0.6805,0.2221,0.183,-0.0567,0.0884,442.58,40.0
debate,动量因子,stable_volume_confirmed_momentum_v3,5.6579999999999995,1D,-0.0109,-0.0921,-0.1293,-0.5115,0.1166,0.1045,-0.0134,0.1033,100.0,40.0
debate,动量因子,stable_volume_confirmed_momentum_v3,5.6579999999999995,5D,-0.0102,-0.0902,0.118,0.0254,0.1166,0.1045,0.0101,0.0853,93.09,40.0
debate,动量因子,stable_volume_confirmed_momentum_v3,5.6579999999999995,10D,-0.0263,-0.2384,-0.309,-0.3614,0.1166,0.1045,-0.0233,0.0754,241.43,40.0
debate,动量因子,stable_volume_confirmed_momentum_v3,5.6579999999999995,20D,-0.0441,-0.4096,-0.0917,-0.1176,0.1166,0.1045,-0.007,0.0761,404.67,40.0
debate,动量因子,normalized_volume_weighted_momentum_v2,5.636,1D,0.0335,0.1774,2.0009,1.838,0.019,0.0698,0.3239,0.1619,100.0,40.0
debate,动量因子,normalized_volume_weighted_momentum_v2,5.636,5D,0.0536,0.2689,1.5242,1.4935,0.019,0.0698,0.2618,0.1718,159.93,40.0
debate,动量因子,normalized_volume_weighted_momentum_v2,5.636,10D,0.0697,0.3443,1.5824,1.5671,0.019,0.0698,0.2724,0.1721,207.96,40.0
debate,动量因子,normalized_volume_weighted_momentum_v2,5.636,20D,0.1039,0.551,1.658,1.6502,0.019,0.0698,0.2804,0.1691,310.0,40.0
debate,动量因子,normalized_volume_weighted_momentum_v3,5.622,1D,0.036,0.1759,1.7798,1.6448,0.0181,0.0606,0.3019,0.1696,100.0,40.0
debate,动量因子,normalized_volume_weighted_momentum_v3,5.622,5D,0.0525,0.2465,1.5027,1.4769,0.0181,0.0606,0.2664,0.1773,146.06,40.0
debate,动量因子,normalized_volume_weighted_momentum_v3,5.622,10D,0.0656,0.2928,1.3984,1.3862,0.0181,0.0606,0.2619,0.1873,182.22,40.0
debate,动量因子,normalized_volume_weighted_momentum_v3,5.622,20D,0.0719,0.3054,0.9333,0.9276,0.0181,0.0606,0.1862,0.1995,199.94,40.0
baseline,价值因子,stable_vwap_deviation_rank_enhanced,5.422,1D,0.0076,0.0499,-0.1482,-0.462,0.0357,0.0998,-0.0178,0.1202,100.0,3.6
baseline,价值因子,stable_vwap_deviation_rank_enhanced,5.422,5D,0.0018,0.0131,-0.3331,-0.4002,0.0357,0.0998,-0.0374,0.1124,23.13,3.6
baseline,价值因子,stable_vwap_deviation_rank_enhanced,5.422,10D,0.0026,0.0212,-0.124,-0.1595,0.0357,0.0998,-0.0132,0.1066,34.1,3.6
baseline,价值因子,stable_vwap_deviation_rank_enhanced,5.422,20D,0.0138,0.0991,-0.1034,-0.1184,0.0357,0.0998,-0.013,0.1261,181.52,3.6
baseline,价值因子,stable_vwap_deviation_rank_enhanced_v2,5.422,1D,0.0105,0.0709,0.8161,0.6157,0.0087,0.0729,0.1123,0.1375,100.0,40.0
baseline,价值因子,stable_vwap_deviation_rank_enhanced_v2,5.422,5D,0.0209,0.1544,0.4099,0.3689,0.0087,0.0729,0.0552,0.1346,198.82,40.0
baseline,价值因子,stable_vwap_deviation_rank_enhanced_v2,5.422,10D,0.0202,0.152,0.0003,-0.019,0.0087,0.0729,0.0,0.143,191.5,40.0
baseline,价值因子,stable_vwap_deviation_rank_enhanced_v2,5.422,20D,-0.0148,-0.0915,-0.8018,-0.8099,0.0087,0.0729,-0.1365,0.1703,-140.31,40.0
baseline,价值因子,stable_vwap_deviation_rank_enhanced,5.01,1D,-0.0101,-0.0957,-1.8921,-2.4797,0.0434,0.1451,-0.1766,0.0933,100.0,19.7
baseline,价值因子,stable_vwap_deviation_rank_enhanced,5.01,5D,-0.0272,-0.2783,-1.9034,-2.0302,0.0434,0.1451,-0.1647,0.0865,269.94,19.7
baseline,价值因子,stable_vwap_deviation_rank_enhanced,5.01,10D,-0.0185,-0.2027,-1.3694,-1.4391,0.0434,0.1451,-0.1078,0.0787,183.22,19.7
baseline,价值因子,stable_vwap_deviation_rank_enhanced,5.01,20D,0.0046,0.058,-0.3309,-0.366,0.0434,0.1451,-0.0258,0.0781,-45.86,19.7
baseline,价值因子,stable_vwap_deviation_rank_enhanced,5.164,1D,0.0076,0.0499,-0.1482,-0.462,0.0357,0.0998,-0.0178,0.1202,100.0,3.6
baseline,价值因子,stable_vwap_deviation_rank_enhanced,5.164,5D,0.0018,0.0131,-0.3331,-0.4002,0.0357,0.0998,-0.0374,0.1124,23.13,3.6
baseline,价值因子,stable_vwap_deviation_rank_enhanced,5.164,10D,0.0026,0.0212,-0.124,-0.1595,0.0357,0.0998,-0.0132,0.1066,34.1,3.6
baseline,价值因子,stable_vwap_deviation_rank_enhanced,5.164,20D,0.0138,0.0991,-0.1034,-0.1184,0.0357,0.0998,-0.013,0.1261,181.52,3.6
baseline,价值因子,stable_vwap_deviation_rank_enhanced_v2,5.164,1D,0.0079,0.0507,0.0394,-0.2722,0.0299,0.1089,0.0052,0.132,100.0,3.7
baseline,价值因子,stable_vwap_deviation_rank_enhanced_v2,5.164,5D,0.0021,0.0152,-0.0145,-0.0899,0.0299,0.1089,-0.0016,0.1091,26.05,3.7
baseline,价值因子,stable_vwap_deviation_rank_enhanced_v2,5.164,10D,0.0023,0.0185,-0.0693,-0.1069,0.0299,0.1089,-0.0076,0.1094,28.75,3.7
baseline,价值因子,stable_vwap_deviation_rank_enhanced_v2,5.164,20D,0.0118,0.0828,-0.2441,-0.2605,0.0299,0.1089,-0.0305,0.1248,150.25,3.7
debate,价值因子,vwap_deviation_value_proxy_optimized,5.638,1D,-0.0153,-0.1164,-2.7009,-3.3611,0.0596,0.2078,-0.3213,0.119,100.0,40.0
debate,价值因子,vwap_deviation_value_proxy_optimized,5.638,5D,-0.0323,-0.261,-2.3079,-2.4424,0.0596,0.2078,-0.2694,0.1167,210.7,40.0
debate,价值因子,vwap_deviation_value_proxy_optimized,5.638,10D,-0.0316,-0.2756,-1.819,-1.8965,0.0596,0.2078,-0.1845,0.1014,205.87,40.0
debate,价值因子,vwap_deviation_value_proxy_optimized,5.638,20D,-0.0209,-0.1753,-1.0114,-1.0543,0.0596,0.2078,-0.0924,0.0914,135.97,40.0
debate,价值因子,vwap_deviation_value_proxy_optimized,5.442,1D,-0.0075,-0.0431,0.7862,0.0352,0.1573,0.2996,0.1186,0.1508,100.0,40.0
debate,价值因子,vwap_deviation_value_proxy_optimized,5.442,5D,0.0232,0.1325,0.953,0.7984,0.1573,0.2996,0.1396,0.1465,-310.26,40.0
debate,价值因子,vwap_deviation_value_proxy_optimized,5.442,10D,0.0232,0.128,0.5852,0.5131,0.1573,0.2996,0.0919,0.1571,-309.82,40.0
debate,价值因子,vwap_deviation_value_proxy_optimized,5.442,20D,0.0144,0.0854,-0.0296,-0.0692,0.1573,0.2996,-0.0042,0.143,-192.09,40.0
debate,价值因子,vwap_deviation_value_proxy_optimized,5.144,1D,0.0049,0.0319,-1.2771,-2.0238,0.1221,0.266,-0.172,0.1347,100.0,40.0
debate,价值因子,vwap_deviation_value_proxy_optimized,5.144,5D,-0.0086,-0.0597,-0.8056,-0.9669,0.1221,0.266,-0.1005,0.1247,-173.58,40.0
debate,价值因子,vwap_deviation_value_proxy_optimized,5.144,10D,-0.0215,-0.1494,-0.6116,-0.6887,0.1221,0.266,-0.0798,0.1304,-436.71,40.0
debate,价值因子,vwap_deviation_value_proxy_optimized,5.144,20D,-0.0177,-0.1181,-0.303,-0.3398,0.1221,0.266,-0.0414,0.1366,-359.89,40.0
debate,价值因子,vwap_deviation_value_proxy_optimized,5.442,1D,-0.0072,-0.0392,0.7022,0.3862,0.036,0.1372,0.1153,0.1642,100.0,40.0
debate,价值因子,vwap_deviation_value_proxy_optimized,5.442,5D,0.0063,0.0349,0.5438,0.477,0.036,0.1372,0.0845,0.1553,-87.58,40.0
debate,价值因子,vwap_deviation_value_proxy_optimized,5.442,10D,0.005,0.0287,-0.0135,-0.0471,0.036,0.1372,-0.0021,0.1541,-69.17,40.0
debate,价值因子,vwap_deviation_value_proxy_optimized,5.442,20D,-0.0244,-0.1567,-0.5315,-0.5505,0.036,0.1372,-0.0725,0.1365,339.28,40.0
debate,价值因子,vwap_deviation_momentum_fusion_optimized,5.35,1D,-0.004,-0.0248,1.3945,0.4887,0.1996,0.3225,0.1877,0.1346,100.0,40.0
debate,价值因子,vwap_deviation_momentum_fusion_optimized,5.35,5D,0.0272,0.1718,1.0,0.8252,0.1996,0.3225,0.1395,0.1395,-678.31,40.0
debate,价值因子,vwap_deviation_momentum_fusion_optimized,5.35,10D,0.0191,0.119,0.5211,0.434,0.1996,0.3225,0.073,0.14,-476.97,40.0
debate,价值因子,vwap_deviation_momentum_fusion_optimized,5.35,20D,-0.005,-0.0347,-0.277,-0.326,0.1996,0.3225,-0.0345,0.1245,125.03,40.0
baseline,波动率因子,normalized_intraday_volatility,6.564,1D,-0.0495,-0.28,-0.5121,-0.6145,0.0066,0.0502,-0.095,0.1854,100.0,40.0
baseline,波动率因子,normalized_intraday_volatility,6.564,5D,-0.0678,-0.3624,-0.4266,-0.4469,0.0066,0.0502,-0.0796,0.1866,136.9,40.0
baseline,波动率因子,normalized_intraday_volatility,6.564,10D,-0.0858,-0.4649,-0.6277,-0.6383,0.0066,0.0502,-0.1119,0.1783,173.18,40.0
baseline,波动率因子,normalized_intraday_volatility,6.564,20D,-0.126,-0.6209,-0.8652,-0.8702,0.0066,0.0502,-0.166,0.1918,254.3,40.0
baseline,波动率因子,stabilized_normalized_intraday_volatility,5.554,1D,0.0004,0.0032,1.4498,1.0409,0.0309,0.1226,0.1643,0.1133,100.0,60.7
baseline,波动率因子,stabilized_normalized_intraday_volatility,5.554,5D,0.0134,0.1193,1.1569,1.0656,0.0309,0.1226,0.1175,0.1015,3322.32,60.7
baseline,波动率因子,stabilized_normalized_intraday_volatility,5.554,10D,0.0151,0.1361,0.9903,0.9438,0.0309,0.1226,0.0988,0.0997,3740.29,60.7
baseline,波动率因子,stabilized_normalized_intraday_volatility,5.554,20D,0.0003,0.0025,0.6315,0.6107,0.0309,0.1226,0.0704,0.1115,79.58,60.7
baseline,波动率因子,normalized_intraday_volatility_enhanced,5.678,1D,-0.0022,-0.0188,1.0768,0.4482,0.1216,0.1803,0.1168,0.1084,100.0,40.0
baseline,波动率因子,normalized_intraday_volatility_enhanced,5.678,5D,0.01,0.0903,0.7665,0.6258,0.1216,0.1803,0.0742,0.0969,-450.09,40.0
baseline,波动率因子,normalized_intraday_volatility_enhanced,5.678,10D,0.0222,0.2143,0.9645,0.8924,0.1216,0.1803,0.0912,0.0946,-998.24,40.0
baseline,波动率因子,normalized_intraday_volatility_enhanced,5.678,20D,0.0164,0.1555,0.2454,0.2079,0.1216,0.1803,0.0223,0.0909,-737.09,40.0
baseline,波动率因子,normalized_intraday_volatility_enhanced,5.49,1D,-0.0098,-0.0996,-0.4772,-0.9164,0.0259,0.105,-0.0431,0.0904,100.0,40.0
baseline,波动率因子,normalized_intraday_volatility_enhanced,5.49,5D,-0.0285,-0.2789,-1.2,-1.2871,0.0259,0.105,-0.1093,0.0911,289.2,40.0
baseline,波动率因子,normalized_intraday_volatility_enhanced,5.49,10D,-0.0337,-0.3475,-1.3512,-1.3953,0.0259,0.105,-0.1217,0.0901,342.84,40.0
baseline,波动率因子,normalized_intraday_volatility_enhanced,5.49,20D,-0.0321,-0.3282,-1.1426,-1.1641,0.0259,0.105,-0.1055,0.0923,325.81,40.0
baseline,波动率因子,stable_normalized_intraday_volatility,5.57,1D,0.0017,0.0138,1.32,0.9571,0.0264,0.1071,0.1473,0.1116,100.0,40.0
baseline,波动率因子,stable_normalized_intraday_volatility,5.57,5D,0.0163,0.1468,1.3875,1.3087,0.0264,0.1071,0.1426,0.1028,948.51,40.0
baseline,波动率因子,stable_normalized_intraday_volatility,5.57,10D,0.0194,0.1784,0.9833,0.9437,0.0264,0.1071,0.1004,0.1021,1128.05,40.0
baseline,波动率因子,stable_normalized_intraday_volatility,5.57,20D,0.0083,0.066,0.7164,0.6977,0.0264,0.1071,0.0777,0.1085,483.11,40.0
debate,波动率因子,normalized_intraday_volatility,6.1899999999999995,1D,-0.0312,-0.2415,-1.858,-1.9433,0.0028,0.0272,-0.2242,0.1207,100.0,40.0
debate,波动率因子,normalized_intraday_volatility,6.1899999999999995,5D,-0.0534,-0.4214,-1.8043,-1.8228,0.0028,0.0272,-0.2008,0.1113,171.17,40.0
debate,波动率因子,normalized_intraday_volatility,6.1899999999999995,10D,-0.0677,-0.5222,-1.9963,-2.0058,0.0028,0.0272,-0.2164,0.1084,217.25,40.0
debate,波动率因子,normalized_intraday_volatility,6.1899999999999995,20D,-0.1014,-0.7337,-1.9337,-1.9381,0.0028,0.0272,-0.2289,0.1184,325.21,40.0
debate,波动率因子,normalized_intraday_volatility_v2,5.69,1D,0.0082,0.0828,2.2453,1.5342,0.0556,0.1634,0.1951,0.0869,100.0,8.94
debate,波动率因子,normalized_intraday_volatility_v2,5.69,5D,0.0148,0.1646,1.3972,1.2501,0.0556,0.1634,0.1174,0.084,181.51,8.94
debate,波动率因子,normalized_intraday_volatility_v2,5.69,10D,0.0012,0.0136,0.5605,0.4809,0.0556,0.1634,0.0435,0.0775,14.41,8.94
debate,波动率因子,normalized_intraday_volatility_v2,5.69,20D,-0.0245,-0.2988,-0.2684,-0.3079,0.0556,0.1634,-0.021,0.0782,-300.26,8.94
debate,波动率因子,normalized_intraday_volatility_v3,5.644,1D,0.0113,0.1131,3.0834,2.3899,0.0588,0.1657,0.2784,0.0903,100.0,116.17
debate,波动率因子,normalized_intraday_volatility_v3,5.644,5D,0.0194,0.2169,2.0331,1.8866,0.0588,0.1657,0.1738,0.0855,171.88,116.17
debate,波动率因子,normalized_intraday_volatility_v3,5.644,10D,0.0077,0.0846,1.1384,1.0652,0.0588,0.1657,0.0974,0.0856,68.7,116.17
debate,波动率因子,normalized_intraday_volatility_v3,5.644,20D,-0.01,-0.109,0.2997,0.2636,0.0588,0.1657,0.026,0.0868,-88.75,116.17
debate,波动率因子,directional_intraday_volatility,6.1899999999999995,1D,-0.0269,-0.1725,-0.5608,-0.7589,0.0109,0.0713,-0.0763,0.1361,100.0,40.0
debate,波动率因子,directional_intraday_volatility,6.1899999999999995,5D,-0.0379,-0.2742,-0.8922,-0.9367,0.0109,0.0713,-0.108,0.1211,141.14,40.0
debate,波动率因子,directional_intraday_volatility,6.1899999999999995,10D,-0.0562,-0.4372,-1.5008,-1.5263,0.0109,0.0713,-0.1586,0.1057,209.35,40.0
debate,波动率因子,directional_intraday_volatility,6.1899999999999995,20D,-0.0971,-0.735,-1.8413,-1.8536,0.0109,0.0713,-0.2018,0.1096,361.33,40.0
debate,波动率因子,directional_intraday_volatility,6.188000000000001,1D,-0.0227,-0.1593,-0.6382,-0.874,0.0122,0.0756,-0.0774,0.1212,100.0,40.0
debate,波动率因子,directional_intraday_volatility,6.188000000000001,5D,-0.042,-0.3244,-1.0821,-1.1343,0.0122,0.0756,-0.1185,0.1095,184.97,40.0
debate,波动率因子,directional_intraday_volatility,6.188000000000001,10D,-0.061,-0.4998,-1.7912,-1.8194,0.0122,0.0756,-0.182,0.1016,268.48,40.0
debate,波动率因子,directional_intraday_volatility,6.188000000000001,20D,-0.0967,-0.8253,-2.123,-2.1372,0.0122,0.0756,-0.2138,0.1007,425.72,40.0
